precision,recall
0.2115914805950253,1.0
0.5163282107574094,0.5388029782359679
0.5163596370635138,0.5378006872852233
1.0,0.0
