fpr,tpr
0.0,0.0
0.13518810283211005,0.5378006872852233
0.13545709564615915,0.5388029782359679
1.0,1.0
