accuracy,roc_auc,pr_auc
0.8537582936952768,0.7322587579918178,0.7322587579918178
