accuracy,roc_auc,pr_auc
0.8574847759566152,0.7405408155328626,0.7405408155328626
