accuracy,roc_auc,pr_auc
0.8644226982155301,0.750073856376677,0.750073856376677
