accuracy,roc_auc,pr_auc
0.8619686733117218,0.7371514196908989,0.7371514196908989
