accuracy,roc_auc,pr_auc
0.8650286302905444,0.7482058589768966,0.7482058589768966
