accuracy,roc_auc,pr_auc
0.8640894355742721,0.7449389316763975,0.7449389316763975
