accuracy,roc_auc,pr_auc
0.863786469536765,0.7502465299772926,0.7502465299772926
