accuracy,roc_auc,pr_auc
0.8619686733117218,0.7348467684041419,0.7348467684041419
