accuracy,roc_auc,pr_auc
0.861726300481716,0.7358977623063991,0.7358977623063991
