accuracy,roc_auc,pr_auc
0.8644832914230315,0.7458696304163746,0.7458696304163746
