accuracy,roc_auc,pr_auc
0.857302996334111,0.7381732600498484,0.7381732600498484
