accuracy,roc_auc,pr_auc
0.8631502408579999,0.7450766028676984,0.7450766028676984
