accuracy,roc_auc,pr_auc
0.8635138001030085,0.7513306885454532,0.7513306885454532
