accuracy,roc_auc,pr_auc
0.7956191110976459,0.7013062922265566,0.7013062922265566
