accuracy,roc_auc,pr_auc
0.8333989759747932,0.6680162333487791,0.6680162333487791
