accuracy,roc_auc,pr_auc
0.8647862574605387,0.7478950134824339,0.7478950134824339
