accuracy,roc_auc,pr_auc
0.8334595691822947,0.6680546608936434,0.6680546608936434
